English	French	Spanish	German	Japanese	Chinese	Esperanto	Hindi	Telugu	Kannada	Turkish	Estonian	Serbian	Korean	Finnish	Hungarian	Bulgarian	Tamil	Indonesian	Arabic	Persian	Urdu	Hebrew	Italian	Portuguese	Russian	Ukrainian	Polish	Czech	Dutch	Swedish	Interlingua	Greek	Catalan	Romanian	Vietnamese	Latvian	Lithuanian	Malayalam	Bengali	Thai	Malay	Danish	Norwegian	Icelandic	Croatian	Slovak	Slovene
Bridges in Physics	Passerelles en Physique	Puentes en Física	Brücken in der Physik	物理学への架け橋	物理之桥	Pontoj en Fiziko	भौतिकी में सेतु	భౌతిక శాస్త్రంలో వారధులు	ಭೌತಶಾಸ್ತ್ರದಲ್ಲಿನ ಸೇತುವೆಗಳು	Fizikte Köprüler	Sillad füüsikas	Mostovi u fizici	물리학의 가교	Sillat fysiikassa	Hidak a fizikában	Мостове във физиката	இயற்பியலில் பாலங்கள்	Jembatan dalam Fisika	الجسور في الفيزياء	پل‌ها در فیزیک	فزکس میں پل	גשרים בפיזיקה	Ponti nella Fisica	Pontes na Física	Мосты в физике	Мости у фізиці	Mosty w fizyce	Mosty ve fyzice	Bruggen in de Natuurkunde	Broar inom fysik	Pontes in Physica	Γέφυρες στη Φυσική	Ponts en la Física	Poduri în Fizică	Những cầu nối trong Vật lý	Tilti fizikā	Tiltai fizikoje	ഫിസിക്സിലെ ബ്രിഡ്ജുകൾ	পদার্থবিজ্ঞানে সেতুবন্ধন	สะพานเชื่อมในฟิสิกส์	Jambatan dalam Fizik	Broer i fysik	Broer i fysikk	Brýr í eðlisfræðinni	Mostovi u fizici	Mosty vo fyzike	Mostovi v fiziki
quantum world	monde quantique	mundo cuántico	Quantenwelt	量子世界	量子世界	kvantuma mondo	क्वांटम दुनिया	క్వాంటం ప్రపంచం	ಕ್ವಾಂಟಮ್ ಪ್ರಪಂಚ	kuantum dünyası	kvantmaailm	kvantni svet	양자 세계	kvanttimaailma	kvantumvilág	квантов свят	குவாண்டம் உலகம்	dunia kuantum	العالم الكمي	دنیای کوانتومی	کوانٹم دنیا	עולם הקוונטים	mondo quantistico	mundo quântico	квантовый мир	квантовий світ	świat kwantowy	kvantový svět	quantumwereld	kvantvärld	mundo quantic	κβαντικός κόσμος	món quàntic	lumea cuantică	thế giới lượng tử	kvantu pasaule	kvantinis pasaulis	ക്വാണ്ടം ലോകം	কোয়ান্টাম জগৎ	โลกควอนตัม	dunia kuantum	kvanteverden	kvanteverden	skammtaheimur	kvantni svijet	kvantový svet	kvantni svet
physics	physique	física	Physik	物理学	物理学	fiziko	भौतिकी	భౌతిక శాస్త్రం	ಭೌತಶಾಸ್ತ್ರ	fizik	füüsika	fizika	물리학	fysiikka	fizika	физика	இயற்பியல்	fisika	الفيزياء	فیزیک	طبیعیات	פיזיקה	fisica	física	физика	фізика	fizyka	fyzika	natuurkunde	fysik	physica	φυσική	física	fizică	vật lý học	fizika	fizika	ഭൗതികശാസ്ത്രം	পদার্থবিজ্ঞান	ฟิสิกส์	fizik	fysik	fysikk	eðlisfræði	fizika	fizika	fizika
theoretical physicist	physicien théoricien	físico teórico	theoretischer Physiker	理論物理学者	理论物理学家	teoria fizikisto	सैद्धांतिक भौतिक विज्ञानी	సిద్ధాంత భౌతిక శాస్త్రవేత్త	ಸಿದ್ಧಾಂತ ಭೌತವಿಜ್ಞಾನಿ	teorik fizikçi	teoreetiline füüsik	teoretički fizičar	이론 물리학자	teoreettinen fyysikko	elméleti fizikus	теоретичен физик	கோட்பாட்டு இயற்பியலாளர்	fisikawan teoritis	فيزيائي نظري	فیزیکدان نظری	نظریاتی طبیعیات دان	פיזיקאי תיאורטי	fisico teorico	físico teórico	физик-теоретик	фізик-теоретик	fizyk teoretyk	teoretický fyzik	theoretisch natuurkundige	teoretisk fysiker	physico theoretic	θεωρητικός φυσικός	físic teòric	fizician teoretician	nhà vật lý lý thuyết	teorētiskais fiziķis	teorinis fizikas	സൈദ്ധാന്തിക ഭൗതികശാസ്ത്രജ്ഞൻ	তাত্ত্বিক পদার্থবিদ	นักฟิสิกส์ทฤษฎี	ahli fizik teori	teoretisk fysiker	teoretisk fysiker	kenninga-eðlisfræðingur	teoretički fizičar	teoretický fyzik	teoretični fizik
experimental physicist	physicien expérimental	físico experimental	Experimentalphysiker	実験物理学者	实验物理学家	eksperimenta fizikisto	प्रायोगिक भौतिक विज्ञानी	ప్రయోగాత్మక భౌతిక శాస్త్రవేత్త	ಪ್ರಾಯೋಗಿಕ ಭೌತವಿಜ್ಞಾನಿ	deneysel fizikçi	eksperimentaalne füüsik	eksperimentalni fizičar	실험 물리학자	kokeellinen fyysikko	kísérleti fizikus	експериментален физик	சோதனைமுறை இயற்பியலாளர்	fisikawan eksperimental	فيزيائي تجريبي	فیزیکدان تجربی	تجربی طبیعیات دان	פיזיקאי ניסיוני	fisico sperimentale	físico experimental	физик-экспериментатор	фізик-експериментатор	fizyk eksperymentator	experimentální fyzik	experimenteel natuurkundige	experimentalfysiker	physico experimental	πειραματικός φυσικός	físic experimental	fizician experimentalist	nhà vật lý thực nghiệm	eksperimentālais fiziķis	eksperimentinis fizikas	പരീക്ഷണാത്മക ഭൗതികശാസ്ത്രജ്ഞൻ	পরীক্ষামূলক পদার্থবিদ	นักฟิสิกส์ทดลอง	ahli fizik eksperimen	eksperimentel fysiker	eksperimentell fysiker	tilraunaeðlisfræðingur	eksperimentalni fizičar	experimentálny fyzik	eksperimentalni fizik
Luc	Luc	Luc	Luc	リュック	卢克	Luc	ल्यूक	ల్యూక్	ಲ್ಯೂಕ್	Luc	Luc	Luc	뤽	Luc	Luc	Luc	லுக்	Luc	لوك	لوک	لوک	לוק	Luc	Luc	Люк	Люк	Luc	Luc	Luc	Luc	Luc	Λυκ	Luc	Luc	Luc	Luc	Luc	ല്യൂക്	ল্যুক	ลุค	Luc	Luc	Luc	Luc	Luc	Luc	Luc
Camille	Camille	Camille	Camille	カミーユ	卡米尔	Camille	कमिल	కమిల్	ಕಮಿಲ್	Camille	Camille	Camille	카밀	Camille	Camille	Camille	காமில்	Camille	كاميل	کامیل	کامیل	קמיל	Camille	Camille	Камиль	Каміль	Camille	Camille	Camille	Camille	Camille	Καμίλ	Camille	Camille	Camille	Camille	Camille	കമീൽ	কামিল	คามิล	Camille	Camille	Camille	Camille	Camille	Camille	Camille
particles	particules	partículas	Teilchen	粒子	粒子	partikloj	कण	కణాలు	ಕಣಗಳು	parçacıklar	osakesed	čestice	입자들	hiukkaset	részecskék	частици	துகள்கள்	partikel	جسيمات	ذرات	ذرات	חלקיקים	particelle	partículas	частицы	частинки	cząstki	částice	deeltjes	partiklar	particulas	σωματίδια	partícules	particule	các hạt	daļiņas	dalelės	കണികകൾ	কণাগুলো	อนุภาค	zarah-zarah	partikler	partikler	eindir	čestice	častice	delci
electrons	électrons	electrones	Elektronen	電子	电子	elektronoj	इलेक्ट्रॉन	ఎలక్ట్రాన్లు	ಎಲೆಕ್ಟ್ರಾನ್‌ಗಳು	elektronlar	elektronid	elektroni	전자들	elektronit	elektronok	електрони	எலக்ட்ரான்கள்	elektron	إلكترونات	الکترون‌ها	الیکٹرانز	אלקטרונים	elettroni	elétrons	электроны	електрони	elektrony	elektrony	elektronen	elektroner	electrones	ηλεκτρόνια	electrons	electroni	các electron	elektroni	elektronai	ഇലക്ട്രോണുകൾ	ইলেকট্রনসমূহ	อิเล็กตรอน	elektron	elektroner	elektroner	rafeindir	elektroni	elektróny	elektroni
waves	ondes	ondas	Wellen	波	波	ondoj	तरंगें	తరంగాలు	ತರಂಗಗಳು	dalgalar	lained	talasi	파동들	aallot	hullámok	вълни	அலைகள்	gelombang	موجات	موج‌ها	لہریں	גלים	onde	ondas	волны	хвилі	fale	vlny	golven	vågor	undas	κύματα	ones	unde	các sóng	viļņi	bangos	തരംഗങ്ങൾ	তরঙ্গসমূহ	คลื่น	gelombang	bølger	bølger	bylgjur	valovi	vlny	valovi
wave function	fonction d'onde	función de onda	Wellenfunktion	波動関数	波函数	onda funkcio	तरंग फलन	తరంగ ప్రమేయం	ತರಂಗ ಉತ್ಪನ್ನ	dalga fonksiyonu	lainefunktsioon	talasna funkcija	파동 함수	aaltofunktio	hullámfüggvény	вълнова функция	அலை சார்பு	fungsi gelombang	الدالة الموجية	تابع موج	ویو فنکشن	פונקציית גל	funzione d'onda	função de onda	волновая функция	хвильова функція	funkcja falowa	vlnová funkce	golffunctie	vågfunktion	function de unda	συνάρτηση κύματος	funció d'ona	funcția de undă	hàm sóng	viļņa funkcija	bangos funkcija	തരംഗ ഫംഗ്ഷൻ	তরঙ্গ ফাংশন	ฟังก์ชันคลื่น	fungsi gelombang	bølgefunktion	bølgefunksjon	bylgjufall	valna funkcija	vlnová funkcia	valovna funkcija
psi	psi	psi	Psi	プサイ (ψ)	psi (ψ)	psi	साई (psi)	ప్సై	ಪ್ಸೈ	psi	psi	psi	프사이	psi	psi	пси	psi	psi	psi	پسی	سائی	פסי	psi	psi	пси	псі	psi	psi	psi	psi	psi	ψ	psi	psi	psi	psi	psi	ψ	সাই	psi	psi	psi	psi	psi	psi	psi	psi
probability	probabilité	probabilidad	Wahrscheinlichkeit	確率	概率	probablo	प्रायिकता	సంభావ్యత	ಸಂಭವನೀಯತೆ	olasılık	tõenäosus	verovatnoća	확률	todennäköisyys	valószínűség	вероятност	நிகழ்தகவு	probabilitas	الاحتمالية	احتمال	احتمال	הסתברות	probabilità	probabilidade	вероятность	ймовірність	prawdopodobieństwo	pravděpodobnost	waarschijnlijkheid	sannolikhet	probabilitate	πιθανότητα	probabilitat	probabilitate	xác suất	varbūtība	tikimybė	സാധ്യത	সম্ভাবনা	ความน่าจะเป็น	kebarangkalian	sandsynlighed	sannsynlighet	líkur	vjerojatnost	pravdepodobnosť	verjetnost
wave	onde	onda	Welle	波	波	ondo	तरंग	తరంగం	ತರಂಗ	dalga	laine	talas	파동	aalto	hullám	вълна	அலை	gelombang	موجة	موج	لہر	גל	onda	onda	волна	хвиля	fala	vlna	golf	våg	unda	κύμα	ona	undă	sóng	viļnis	banga	തരംഗം	তরঙ্গ	คลื่น	gelombang	bølge	bølge	bylgja	val	vlna	val
square	carré	cuadrado	Quadrat	二乗	平方	kvadrato	वर्ग	వర్గం	ವರ್ಗ	kare	ruut	kvadrat	제곱	neliö	négyzet	квадрат	வர்க்கம்	kuadrat	مربع	مربع	مربع	ריבוע	quadrato	quadrado	квадрат	квадрат	kwadrat	druhá mocnina	kwadraat	kvadrat	quadrato	τετράγωνο	quadrat	pătrat	bình phương	kvadrāts	kvadratas	വർഗ്ഗം	বর্গ	กำลังสอง	kuasa dua	kvadrat	kvadrat	ferningur	kvadrat	druhá mocnina	kvadrat
amplitude	amplitude	amplitud	Amplitude	振幅	振幅	amplitudo	आयाम	విస్తృతి	ವ್ಯಾಪ್ತಿ	genlik	amplituud	amplituda	진폭	amplitudi	amplitūdó	амплитуда	வீச்சு	amplitudo	سعة	دامنه	ایمپلی ٹیوڈ	אמפליטודה	ampiezza	amplitude	амплитуда	амплітуда	amplituda	amplitude	amplitude	amplitud	amplitude	πλάτος	amplitud	amplitudine	biên độ	amplitūda	amplitudė	ആംപ്ലിറ്റ്യൂഡ്	বিস্তার	แอมพลิจูด	amplitud	amplitude	amplitude	sveifluvídd	amplituda	amplituda	amplituda
psi squared	psi au carré	psi al cuadrado	Psi Quadrat	プサイの二乗	psi 的平方	psi kvadrata	साई स्क्वायर (psi squared)	ప్సై వర్గం	ಪ್ಸೈ ವರ್ಗ	psi kare	psi ruut	psi na kvadrat	프사이 제곱	psi neliö	psi négyzet	пси на квадрат	psi வர்க்கம்	psi kuadrat	مربع psi	پسی به توان دو	سائی اسکوائر	פסי בריבוע	psi quadro	psi ao quadrado	пси в квадрате	псі у квадраті	psi do kwadratu	psi na druhou	psi in het kwadraat	psi i kvadrat	psi quadrato	ψ²	psi al quadrat	psi la pătrat	psi bình phương	psi kvadrāts	psi kvadratas	ψ²	সাই-এর বর্গ	psi กำลังสอง	psi kuasa dua	psi i anden	psi i andre	psi í öðru	psi na kvadrat	psi na druhú	psi na kvadrat
Born rule	règle de Born	regla de Born	Bornsche Regel	ボルンの規則	波恩定则	regulo de Born	बोर्न नियम	బోర్న్ నియమం	ಬೋರ್ನ್ ನಿಯಮ	Born kuralı	Borni reegel	Bornovo pravilo	보른 규칙	Bornin sääntö	Born-szabály	правило на Борн	போர்ன் விதி	aturan Born	قاعدة بورن	قاعده بورن	بورن رول	כלל בורן	regola di Born	regra de Born	правило Борна	правило Борна	reguła Borna	Bornovo pravidlo	Born-regel	Borns regel	regula de Born	κανόνας του Μπορν	regla de Born	regula lui Born	quy tắc Born	Borna likums	Borno taisyklė	ബോൺ നിയമം	বর্নের নিয়ম	กฎของบอร์น	peraturan Born	Borns regel	Borns regel	Born-regla	Bornovo pravilo	Bornovo pravidlo	Bornovo pravilo
quantum mechanics	mécanique quantique	mecánica cuántica	Quantenmechanik	量子力学	量子力学	kvantuma mekaniko	क्वांटम यांत्रिकी	క్వాంటం మెకానిక్స్	ಕ್ವಾಂಟಮ್ ಯಾಂತ್ರಿಕಶಾಸ್ತ್ರ	kuantum mekaniği	kvantmehaanika	kvantna mehanika	양자 역학	kvanttimekaniikka	kvantummechanika	квантова механика	குவாண்டம் இயக்கவியல்	mekanika kuantum	ميكانيكا الكم	مکانیک کوانتومی	کوانٹم میکانکس	מכניקת הקוונטים	meccanica quantistica	mecânica quântica	квантовая механика	квантова механіка	mechanika kwantowa	kvantová mechanika	quantummechanica	kvantmekanik	mechanica quantic	κβαντική μηχανική	mecànica quàntica	mecanica cuantică	cơ học lượng tử	kvantu mehānika	kvantinė mechanika	ക്വാണ്ടം മെക്കാനിക്സ്	কোয়ান্টাম বলবিদ্যা	กลศาสตร์ควอนตัม	mekanik kuantum	kvantemekanik	kvantemekanikk	skammtafræði	kvantna mehanika	kvantová mechanika	kvantna mehanika
double-slit experiment	expérience des fentes de Young	experimento de la doble rendija	Doppelspaltexperiment	二重スリット実験	双缝实验	dufenda eksperimento	डबल-स्लिट प्रयोग	ద్వి-స్లిట్ ప్రయోగం	ದ್ವಿ-ಕಂದರ ಪ್ರಯೋಗ	çift yarık deneyi	kahepilu eksperiment	eksperiment sa dva proreza	이중 슬릿 실험	kaksoiraokoe	kétrés-kísérlet	експеримент с два прореза	இரட்டைப் பிளவு சோதனை	eksperimen celah ganda	تجربة الشق المزدوج	آزمایش دو شکاف	ڈبل سلٹ تجربہ	ניסוי הסדקים הכפולים	esperimento della doppia fenditura	experimento da fenda dupla	эксперимент с двумя щелями	експеримент з двома щілинами	eksperyment z dwiema szczelinami	dvouštěbinový experiment	tweespletenexperiment	dubbelspaltsexperiment	experimento de duo fessuras	πείραμα της διπλής σχισμής	experiment de la doble escletxa	experimentul celor două fante	thí nghiệm khe kép	divu šķēlumu eksperiments	dvigubo plyšio eksperimentas	ഡബിൾ സ്ലിറ്റ് പരീക്ഷണം	দ্বি-চির পরীক্ষা	การทดลองช่องคู่	eksperimen celah ganda	dobbeltspalte-eksperiment	dobbeltspalteeksperiment	tvíslitstilraun	eksperiment s dva proreza	experiment s dvojitou štrbinou	poskus z dvema režami
particle	particule	partícula	Teilchen	粒子	粒子	partiklo	कण	కణం	ಕಣ	parçacık	osake	čestica	입자	hiukkanen	részecske	частица	துகள்	partikel	جسيم	ذره	ذرہ	חלקיק	particella	partícula	частица	частинка	cząstka	částice	deeltje	partikel	particula	σωματίδιο	partícula	particulă	hạt	daļiņa	dalelė	കണിക	কণা	อนุภาค	zarah	partikel	partikkel	eind	čestica	častica	deleček
fringes	franges	franjas	Interferenzstreifen	干渉縞	条纹	franjoj	फ्रिंज	ఫ్రింజెస్	ಫ್ರಿಂಜಸ್	saçaklar	räände	pruge	간섭 무늬	interferenssiraidat	csíkok	интерференционни ивици	பட்டைகள்	rumbai	أهداب	نوارها	فرینجز	פסי התאבכות	frange	franjas	интерференционные полосы	смуги	prążki	interferenční proužky	franjes	fringar	fringes	άκρες παρεμβολής	franges	franje	vân giao thoa	interferenču joslas	juostos	ഫ്രിഞ്ചുകൾ	ফ্রিঞ্জসমূহ	แถบริ้ว	jalur	interferensstriber	interferensstriper	rendur	pruge	prúžky	interferenčne črte
interference pattern	figure d'interférence	patrón de interferencia	Interferenzmuster	干渉パターン	干涉图样	interferenca modelo	व्यतिकरण पैटर्न	వ్యతికరణ నమూనా	ವ್ಯತಿಕರಣ ಮಾದರಿ	girişim deseni	interferentsioonmuster	interferenciona slika	간섭 패턴	interferenssikuvio	interferenciakép	интерференчна картина	குறுக்கீட்டு வடிவம்	pola interferensi	نمط التداخل	الگوی تداخل	انٹرفیرنس پیٹرن	תבנית התאבכות	schema di interferenza	padrão de interferência	интерференционная картина	інтерференційна картина	wzór interferencyjny	interferenční obraz	interferentiepatroon	interferensmönster	pattern de interferentia	σχήμα παρεμβολής	patró d'interferència	model de interferență	mẫu giao thoa	interferenču raksts	interferencijos vaizdas	ഇന്റർഫറൻസ് പാറ്റേൺ	ব্যতিচার প্যাটার্ন	รูปแบบการแทรกสอด	corak gangguan	interferensmønster	interferensmønster	truflunarmynd	interferencijski obrazac	interferenčný obraz	interferenčni vzorec
distribution	distribution	distribución	Verteilung	分布	分布	distribuo	वितरण	పంపిణీ	ವಿತರಣೆ	dağılım	jaotus	distribucija	분포	jakauma	eloszlás	разпределение	பரவல்	distribusi	توزيع	توزیع	تقسیم	התפלגות	distribuzione	distribuição	распределение	розподіл	rozkład	distribuce	verdeling	fördelning	distribution	κατανομή	distribució	distribuție	sự phân bố	sadale	skirstymas	വിതരണം	বণ্টন	การกระจาย	taburan	distribution	fordeling	dreifing	distribucija	distribúcia	distribucija
law of psi squared	loi du psi au carré	ley de psi al cuadrado	Gesetz von Psi Quadrat	プサイ二乗の法則	psi 平方定律	leĝo de psi kvadrata	साई स्क्वायर का नियम	ప్సై వర్గ నియమం	ಪ್ಸೈ ವರ್ಗದ ನಿಯಮ	psi kare yasası	psi ruudu seadus	zakon psi na kvadrat	프사이 제곱의 법칙	psi neliön laki	psi négyzet törvénye	закон за пси на квадрат	psi வர்க்க விதி	hukum psi kuadrat	قانون مربع psi	قانون پسی به توان دو	سائی اسکوائر کا قانون	חוק פסי בריבוע	legge di psi quadro	lei do psi ao quadrado	закон пси в квадрате	закон псі у квадраті	prawo psi do kwadratu	zákon psi na druhou	wet van psi in het kwadraat	lagen om psi i kvadrat	lego de psi quadrato	νόμος του ψ²	llei de psi al quadrat	legea lui psi la pătrat	định luật psi bình phương	psi kvadrāta likums	psi kvadrato dėsnis	ψ² നിയമം	সাই স্কোয়ার-এর সূত্র	กฎของ psi กำลังสอง	hukum psi kuasa dua	loven om psi i anden	loven om psi i andre	lög um psi í öðru	zakon psi na kvadrat	zákon psi na druhú	zakon psi na kvadrat
experimental proof	preuve expérimentale	prueba experimental	experimenteller Beweis	実験的証明	实验证明	eksperimenta pruvo	प्रायोगिक प्रमाण	ప్రయోగాత్మక నిరూపణ	ಪ್ರಾಯೋಗಿಕ ಪುರಾವೆ	deneysel kanıt	eksperimentaalne tõend	eksperimentalni dokaz	실험적 증명	kokeellinen todistus	kísérleti bizonyíték	експериментално доказателство	சோதனைமுறை ஆதாரம்	bukti eksperimental	إثبات تجريبي	اثبات تجربی	تجربی ثبوت	הוכחה ניסיונית	prova sperimentale	prova experimental	экспериментальное доказательство	експериментальне підтвердження	dowód eksperymentalny	experimentální důkaz	experimenteel bewijs	experimentellt bevis	probation experimental	πειραματική απόδειξη	prova experimental	dovadă experimentală	bằng chứng thực nghiệm	eksperimentāls pierādījums	eksperimentinis įrodymas	പരീക്ഷണാത്മക തെളിവ്	পরীক্ষামূলক প্রমাণ	ข้อพิสูจน์ทางทดลอง	bukti eksperimen	eksperimentelt bevis	eksperimentelt bevis	tilraunaleg sönnun	eksperimentalni dokaz	experimentálny dôkaz	eksperimentalni dokaz
conservation	conservation	conservación	Erhaltung	保存	守恒	konservado	संरक्षण	సంరక్షణ	ಸಂರಕ್ಷಣೆ	korunum	konserveerimine	zakon očuvanja	보존	säilyminen	megmaradás	запазване	காப்பு	kekekalan	حفظ	پایستگی	تحفظ	שימור	conservazione	conservação	сохранение	збереження	zachowanie	zachování	behoud	bevarande	conservation	διατήρηση	conservació	conservare	sự bảo toàn	saglabāšanās	tvermė	സംരക്ഷണം	সংরক্ষণ	การอนุรักษ์	keabadian	bevarelse	bevaring	varðveisla	čuvanje	zachovanie	ohranitev
total probability	probabilité totale	probabilidad total	Gesamtwahrscheinlichkeit	全確率	总概率	totala probablo	कुल प्रायिकता	మొత్తం సంభావ్యత	ಒಟ್ಟು ಸಂಭವನೀಯತೆ	toplam olasılık	kogu tõenäosus	ukupna verovatnoća	전체 확률	kokonaistodennäköisyys	teljes valószínűség	обща вероятност	மொத்த நிகழ்தகவு	probabilitas total	الاحتمالية الكلية	احتمال کل	کل احتمال	הסתברות כוללת	probabilità totale	probabilidade total	полная вероятность	загальна ймовірність	prawdopodobieństwo całkowite	celková pravděpodobnost	totale waarschijnlijkheid	total sannolikhet	probabilitate total	συνολική πιθανότητα	probabilitat total	probabilitate totală	tổng xác suất	kopējā varbūtība	bendra tikimybė	ആകെ സാധ്യത	মোট সম্ভাবনা	ความน่าจะเป็นรวม	jumlah kebarangkalian	samlet sandsynlighed	totalsannsynlighet	heildarlíkur	ukupna vjerojatnost	celková pravdepodobnosť	skupna verjetnost
universe	univers	universo	Universum	宇宙	宇宙	universumo	ब्रह्मांड	విశ్వం	ವಿಶ್ವ	evren	universum	univerzum	우주	universumi	univerzum	вселена	பேரண்டம்	alam semesta	الكون	جهان	کائنات	יקום	universo	universo	вселенная	всесвіт	wszechświat	vesmír	universum	universum	universo	σύμπαν	univers	univers	vũ trụ	visums	visata	പ്രപഞ്ചം	মহাবিশ্ব	เอกภพ	alam semesta	univers	univers	alheimur	svemir	vesmír	vesolje
classical optics	optique classique	óptica clásica	klassische Optik	古典光学	经典光学	klasika optiko	शास्त्रीय प्रकाशिकी	క్లాసికల్ ఆప్టిక్స్	ಸಾಂಪ್ರದಾಯಿಕ ದೃಗ್ವಿಜ್ಞಾನ	klasik optik	klassikaline optika	klasična optika	고전 광학	klassinen optiikka	klasszikus optika	класическа оптика	செவ்வியல் ஒளியியல்	optik klasik	البصريات الكلاسيكية	نورشناسی کلاسیک	کلاسک آپٹکس	אופטיקה קלאסית	ottica classica	óptica clássica	классическая оптика	класична оптика	optyka klasyczna	klasická optika	klassieke optica	klassisk optik	optica classice	κλασική οπτική	òptica clàssica	optică clasică	quang học cổ điển	klasiskā optika	klasikinė optika	ക്ലാസിക്കൽ ഒപ്റ്റിക്സ്	ধ্রুপদী আলোকবিজ্ঞান	ทัศนศาสตร์แบบคลาสสิก	optik klasik	klassisk optik	klassisk optikk	hefðbundin sjónfræði	klasična optika	klasická optika	klasična optika
energy	énergie	energía	Energie	エネルギー	能量	energio	ऊर्जा	శక్తి	ಶಕ್ತಿ	enerji	energia	energija	에너지	energia	energia	енергия	ஆற்றல்	energi	الطاقة	انرژی	توانائی	אנרגיה	energia	energia	энергия	енергія	energia	energie	energie	energi	energia	ενέργεια	energia	energie	năng lượng	enerģija	energija	ഊർജ്ജം	শক্তি	พลังงาน	tenaga	energi	energi	orka	energija	energia	energija
light wave	onde lumineuse	onda de luz	Lichtwelle	光波	光波	lumondo	प्रकाश तरंग	కాంతి తరంగం	ಬೆಳಕಿನ ತರಂಗ	ışık dalgası	valguslaine	svetlosni talas	빛의 파동	valoaalto	fényhullám	светлинна вълна	ஒளி அலை	gelombang cahaya	موجة ضوئية	موج نور	روشنی کی لہر	גל אור	onda luminosa	onda de luz	световая волна	світлова хвиля	fala świetlna	světelná vlna	lichtgolf	ljusvåg	unda de luce	φωτοκύμα	ona de llum	undă luminoasă	sóng ánh sáng	gaismas viļnis	šviesos banga	പ്രകാശ തരംഗം	আলোক তরঙ্গ	คลื่นแสง	gelombang cahaya	lysbølge	lysbølge	ljósbylgja	svjetlosni val	svetelná vlna	svetlobni val
brilliance	brillance	brillo	Brillanz	輝度	亮度	brilo	चमक	ప్రకాశం	ಪ್ರಭತ್ವ	parlaklık	hiilgus	sjaj	휘도	kirkkaus	fényerő	блясък	பிரகாசம்	kecemerlangan	سطوع	درخشندگی	چمک	בהירות	brillanza	brilho	яркость	яскравість	jasność	jas	intensiteit	ljusstyrka	brillantia	λαμπρότητα	bril·lança	brilanță	độ chói	spožums	spindesys	തിളക്കം	তেজস্বিতা	ความสว่างจ้า	kecerahan	briljans	briljans	ljómi	sjaj	jas	sijaj
electric field	champ électrique	campo eléctrico	elektrisches Feld	電場	电场	elektra kampo	विद्युत क्षेत्र	విద్యుత్ క్షేత్రం	ವಿದ್ಯುತ್ ಕ್ಷೇತ್ರ	elektrik alanı	elektriväli	električno polje	전기장	sähkökenttä	elektromos mező	електрическо поле	மின்புலம்	medan listrik	مجال كهربائي	میدان الکتریکی	برقی میدان	שדה חשמלי	campo elettrico	campo elétrico	электрическое поле	електричне поле	pole elektryczne	elektrické pole	elektrisch veld	elektriskt fält	campo electric	ηλεκτρικό πεδίο	camp elèctric	câmp electric	điện trường	elektriskais lauks	elektrinis laukas	വൈദ്യുത മണ്ഡലം	তড়িৎ ক্ষেত্র	สนามไฟฟ้า	medan elektrik	elektrisk felt	elektrisk felt	rafsvið	električno polje	elektrické pole	električno polje
probability of presence	probabilité de présence	probabilidad de presencia	Aufenthaltswahrscheinlichkeit	存在確率	存在概率	probablo de ĉeesto	उपस्थिति की प्रायिकता	ఉనికి యొక్క సంభావ్యత	ಇರುವಿಕೆಯ ಸಂಭವನೀಯತೆ	bulunma olasılığı	olemasolu tõenäosus	verovatnoća prisustva	존재 확률	läsnäolon todennäköisyys	megtalálási valószínűség	вероятност за присъствие	இருப்பதற்கான நிகழ்தகவு	probabilitas keberadaan	احتمالية الوجود	احتمال حضور	موجودگی کا احتمال	הסתברות למציאות	probabilità di presenza	probabilidade de presença	вероятность присутствия	ймовірність перебування	prawdopodobieństwo obecności	pravděpodobnost výskytu	aanwezigheidskans	sannolikhet för närvaro	probabilitate de presence	πιθανότητα παρουσίας	probabilitat de presència	probabilitatea de prezență	xác suất hiện diện	atrašanās varbūtība	buvimo tikimybė	സാന്നിധ്യത്തിന്റെ സാധ്യത	উপস্থিতির সম্ভাবনা	ความน่าจะเป็นของการปรากฏ	kebarangkalian kehadiran	sandsynlighed for tilstedeværelse	sannsynlighet for tilstedeværelse	líkur á nærveru	vjerojatnost prisutnosti	pravdepodobnosť prítomnosti	verjetnost prisotnosti
quantum particle	particule quantique	partícula cuántica	Quantenteilchen	量子粒子	量子粒子	kvantuma partiklo	क्वांटम कण	క్వాంటం కణం	ಕ್ವಾಂಟಮ್ ಕಣ	kuantum parçacığı	kvantosake	kvantna čestica	양자 입자	kvanttihiukkanen	kvantumrészecske	квантова частица	குவாண்டம் துகள்	partikel kuantum	جسيم كمي	ذره کوانتومی	کوانٹم ذرہ	חלקיק קוונטי	particella quantistica	partícula quântica	квантовая частица	квантова частинка	cząstka kwantowa	kvantová částice	quantumdeeltje	kvantpartikel	particula quantic	κβαντικό σωματίδιο	partícula quàntica	particulă cuantică	hạt lượng tử	kvantu daļiņa	kvantinė dalelė	ക്വാണ്ടം കണിക	কোয়ান্টাম কণা	อนุภาคควอนตัม	zarah kuantum	kvantepartikel	kvantepartikkel	skammtaeind	kvantna čestica	kvantová častica	kvantni delec
mathematical law	loi mathématique	ley matemática	mathematisches Gesetz	数学的法則	数学定律	matematika leĝo	गणितीय नियम	గణిత నియమం	ಗಣಿತೀಯ ನಿಯಮ	matematiksel yasa	matemaatiline seadus	matematički zakon	수학적 법칙	matemaattinen laki	matematikai törvény	математически закон	கணித விதி	hukum matematika	قانون رياضي	قانون ریاضی	ریاضیاتی قانون	חוק מתמטי	legge matematica	lei matemática	математический закон	математичний закон	prawo matematyczne	matematický zákon	wiskundige wet	matematisk lag	lego mathematic	μαθηματικός νόμος	llei matemàtica	lege matematică	định luật toán học	matemātiskais likums	matematinis dėsnis	ഗണിത നിയമം	গাণিতিক সূত্র	กฎทางคณิตศาสตร์	hukum matematik	matematisk lov	matematisk lov	stærðfræðileg lög	matematički zakon	matematický zákon	matematični zakon
spatial width	largeur spatiale	ancho espacial	räumliche Breite	空間的幅	空间宽度	spaca larĝeco	स्थानिक चौड़ाई	స్థానీయ వెడల్పు	ಸ್ಥಳದ ಅಗಲ	uzaysal genişlik	ruumiline laius	prostorna širina	공간적 너비	avaruudellinen leveys	térbeli szélesség	пространствена ширина	இடஞ்சார்ந்த அகலம்	lebar spasial	العرض المكاني	عرض مکانی	مکانی چوڑائی	רוחב מרחבי	larghezza spaziale	largura espacial	пространственная ширина	просторова ширина	szerokość przestrzenna	prostorová šířka	ruimtelijke breedte	rumslig bredd	largitate spatial	χωρικό πλάτος	amplada espacial	lățime spațială	độ rộng không gian	telpiskais platums	erdvinis plotis	സ്ഥലപരമായ വീതി	স্থানিক প্রস্থ	ความกว้างเชิงพื้นที่	lebar ruang	rumlig bredde	romlig bredde	rúmleg breidd	prostorna širina	priestorová šírka	prostorska širina
lab laser	laser de laboratoire	láser de laboratorio	Laborlaser	実験室用レーザー	实验室激光器	laboratorieja lazero	लैब लेजर	ల్యాబ్ లేజర్	ಲ್ಯಾಬ್ ಲೇಸರ್	laboratuvar lazeri	labori laser	laboratorijski laser	실험실 레이저	laboratoriolaser	laboratóriumi lézer	лабораторен лазер	ஆய்வக லேசர்	laser lab	ليزر المختبر	لیزر آزمایشگاهی	لیب لیزر	לייזר מעבדה	laser di laboratorio	laser de laboratório	лабораторный лазер	лабораторний лазер	laser laboratoryjny	laboratorní laser	lablaser	laboratorielaser	laser de laboratorio	λέιζερ εργαστηρίου	làser de laboratori	laser de laborator	laser phòng thí nghiệm	laboratorijas lāzers	laboratorinis lazeris	ലാബ് ലേസർ	ল্যাব লেজার	เลเซอร์ในห้องปฏิบัติการ	laser makmal	laboratorielaser	laboratorielaser	rannsóknarstofuleysir	laboratorijski laser	laboratórny laser	laboratorijski laser
power	puissance	potencia	Leistung	出力	功率	potenco	शक्ति	సామర్థ్యం	ಸಾಮರ್ಥ್ಯ	güç	võimsus	snaga	출력	teho	teljesítmény	мощност	திறன்	daya	قدرة	توان	پاور	הספק	potenza	potência	мощность	потужність	moc	výkon	vermogen	effekt	potentia	ισχύς	potència	putere	công suất	jauda	galia	ശക്തി	ক্ষমতা	กำลัง	kuasa	effekt	effekt	afl	snaga	výkon	moč
beam	faisceau	haz	Strahl	ビーム	光束	radiumo	बीम (किरण पुंज)	కిరణం	ಕಿರಣ	ışın	kiir	snop	빔	säde	nyaláb	лъч	கற்றை	berkas	حزمة	پرتو	بیم	קרן	fascio	feixe	луч	промінь	wiązka	svazek	straal	stråle	fascia	δέσμη	feix	fascicul	chùm tia	stari	spindulys	ബീം	রশ্মি	ลำแสง	berkas	stråle	stråle	geisli	snop	lúč	žarek
parameters	paramètres	parámetros	Parameter	パラメータ	参数	parametroj	पैरामीटर	పారామీటర్లు	ಪ್ಯಾರಾಮೀಟರ್‌ಗಳು	parametreler	parameetrid	parametri	매개변수	parametrit	paraméterek	параметри	அளவுருக்கள்	parameter	بارامترات	پارامترها	پیرامیٹرز	פרמטרים	parametri	parâmetros	параметры	параметри	parametry	parametry	parameters	parametrar	parametros	παράμετροι	paràmetres	parametri	các thông số	parametri	parametrai	പാരാമീറ്ററുകൾ	প্যারামিটারসমূহ	พารามิเตอร์	parameter	parametre	parametere	breytur	parametri	parametre	parametri
width	largeur	ancho	Breite	幅	宽度	larĝeco	चौड़ाई	వెడల్పు	ಅಗಲ	genişlik	laius	širina	너비	leveys	szélesség	ширина	அகலம்	lebar	عرض	عرض	چوڑائی	רוחב	larghezza	largura	ширина	ширина	szerokość	šířka	breedte	bredd	largitate	πλάτος	amplada	lățime	độ rộng	platums	plotis	വീതി	প্রস্থ	ความกว้าง	lebar	bredde	bredde	breidd	širina	šírka	širina
Heisenberg uncertainty principle	principe d'incertitude de Heisenberg	principio de incertidumbre de Heisenberg	Heisenbergsche Unschärferelation	ハイゼンベルクの不確定性原理	海森堡不确定性原理	Heisenberga necertenca principo	हाइजेनबर्ग अनिश्चितता सिद्धांत	హైసెన్‌బర్గ్ అనిశ్చితి సూత్రం	ಹೈಸೆನ್ಬರ್ಗ್ ಅನಿಶ್ಚಿತತಾ ತತ್ವ	Heisenberg belirsizlik ilkesi	Heisenbergi määramatuse printsiip	Hajzenbergov princip neodređenosti	하이젠베르크의 불확정성 원리	Heisenbergin epätarkkuusperiaate	Heisenberg határozatlansági elve	принцип на неопределеността на Хайзенберг	ஹைசன்பெர்க் நிச்சயமற்ற கொள்கை	prinsip ketidakpastian Heisenberg	مبدأ عدم اليقين لهايزنبرج	اصل عدم قطعیت هایزنبرگ	ہائزنبرگ کا عدم تعین کا اصول	עקרון האי-ודאות של הייזנברג	principio di indeterminazione di Heisenberg	princípio da incerteza de Heisenberg	принцип неопределенности Гейзенберга	принцип невизначеності Гейзенберга	zasada nieoznaczoności Heisenberga	Heisenbergův princip neurčitosti	onzekerheidsprincipe van Heisenberg	Heisenbergs osäkerhetsprincip	principio de incertiditude de Heisenberg	αρχή της αβεβαιότητας του Heisenberg	principi d'incertesa de Heisenberg	principiul incertitudinii lui Heisenberg	nguyên lý bất định Heisenberg	Heizenberga nenoteiktības princips	Heizenbergo neapibrėžtumo principas	ഹൈзенബർഗ് അനിശ്ചിതത്വ തത്വം	হাইজেনবার্গের অনিশ্চয়তা নীতি	หลักความไม่แน่นอนของไฮเซนแบร์ก	prinsip ketidakpastian Heisenberg	Heisenbergs usikkerhedsprincip	Heisenbergs usikkerhetsprinsipp	óvissulögmál Heisenbergs	Heisenbergov princip neodređenosti	Heisenbergov princíp neurčiteľnosti	Heisenbergovo načelo nedoločenosti
delta x	delta x	delta x	Delta x	デルタx (Δx)	delta x (Δx)	delta x	डेल्टा x	డెల్టా x	ಡೆಲ್ಟಾ x	delta x	delta x	delta x	델타 x	delta x	delta x	делта x	delta x	delta x	delta x	دلتا x	ڈیلٹا x	דלתא x	delta x	delta x	дельта x	дельта x	delta x	delta x	delta x	delta x	delta x	Δx	delta x	delta x	delta x	delta x	delta x	delta x	ডেল্টা এক্স (delta x)	delta x	delta x	delta x	delta x	delta x	delta x	delta x	delta x
delta p	delta p	delta p	Delta p	デルタp (Δp)	delta p (Δp)	delta p	डेल्टा p	డెల్టా p	ಡೆಲ್ಟಾ p	delta p	delta p	delta p	델타 p	delta p	delta p	делта p	delta p	delta p	delta p	دلتا p	ڈیلٹا p	דלתא p	delta p	delta p	дельта p	дельта p	delta p	delta p	delta p	delta p	delta p	Δp	delta p	delta p	delta p	delta p	delta p	delta p	ডেল্টা পি (delta p)	delta p	delta p	delta p	delta p	delta p	delta p	delta p	delta p
focal point	point focal	punto focal	Brennpunkt	焦点	焦点	fokuspunkto	केंद्र बिंदु	నాభ్య కేంద్రం	ಕೇಂದ್ರ ಬಿಂದು	odak noktası	fookuspunkt	žarište	초점	polttopiste	fókuszpont	фокусна точка	குவியப்புள்ளி	titik fokus	نقطة بؤرية	کانون	فوکل پوائنٹ	מוקד	punto focale	ponto focal	фокус	фокус	ognisko	ohnisko	brandpunt	fokuspunkt	puncto focal	εστιακό σημείο	punt focal	punct focal	tiêu điểm	fokusa punkts	židinio taškas	ഫോക്കൽ പോയിന്റ്	ফোকাস বিন্দু	จุดโฟกัส	titik fokus	brændpunkt	brennpunkt	brennipunktur	žarište	ohnisko	žarišče
divergence	divergence	divergencia	Divergenz	発散	发散	diverĝeco	अपसरण	విచలనం	ವಿಕೇಪನ	ıraksama	divergents	divergencija	발산	divergenssi	divergencia	дивергенция	விலகல்	divergensi	تباعد	واگرایی	ڈائیورجنس	התבדרות	divergenza	divergência	расходимость	дивергенція	dywergencja	divergence	divergentie	divergens	divergentia	απόκλιση	divergència	divergență	độ phân kỳ	diverģence	divergencija	ഡൈവർജൻസ്	অপসরণ	การลู่ออก	divergens	divergens	divergens	sundurleitni	divergencija	divergencia	divergenca
optics	optique	óptica	Optik	光学	光学	optiko	प्रकाशिकी	ఆప్టిక్స్	ದೃಗ್ವಿಜ್ಞಾನ	optik	optika	optika	광학	optiikka	optika	оптика	ஒளியியல்	optik	البصريات	نورشناسی	آپٹکس	אופטיקה	ottica	óptica	оптика	оптика	optyka	optika	optica	optik	optica	οπτική	òptica	optică	quang học	optika	optika	ഒപ്റ്റിക്സ്	আলোকবিজ্ঞান	ทัศนศาสตร์	optik	optik	optikk	sjónfræði	optika	optika	optika
Diffraction	Diffraction	Difracción	Beugung	回折	衍射	Difrakcio	विवर्तन	వివర్తనం	ವಿವರ್ತನೆ	Kırınım	difraktsioon	Difrakcija	회절	diffraktio	diffrakció	Дифракция	விளிம்பு விளைவு	Difraksi	حيود	پراش	ڈِفریکشن	עקיפה	Diffrazione	Difração	дифракция	дифракція	dyfrakcja	difrakce	Diffractie	diffraktion	Diffraction	Περίθλαση	Difracció	Difracție	Nhiễu xạ	Difrakcija	difrakcija	ഡിഫ്രാക്ഷൻ	অপবর্তন	การเลี้ยวเบน	Belauan	Diffraktion	diffraksjon	ljósbeyging	difrakcija	Difrakcia	Difrakcija
resolution	résolution	resolución	Auflösung	解像度	分辨率	rezolucio	रिज़ॉल्यूशन (विभेदन क्षमता)	రెజల్యూషన్ (స్పష్టత)	ರೆಸಲ್ಯೂಶನ್	çözünürlük	erilahuvõime	rezolucija	해상도	resoluutio	felbontás	разделителна способност	தெளிவுத்திறன்	resolusi	دقة	تفکیک‌پذیری	ریزولیوشن	רזולוציה	risoluzione	resolução	разрешение	роздільна здатність	rozdzielczość	rozlišení	resolutie	upplösning	resolution	ανάλυση	resolució	rezoluție	độ phân giải	rezolūcija	skiriamoji geba	റെസല്യൂഷൻ	রেজোলিউশন	ความละเอียด	resolusi	opløsning	oppløsning	upplausn	razlučivost	rozlíšenie	ločljivost
microscopes	microscopes	microscopios	Mikroskope	顕微鏡	显微镜	mikroskopoj	सूक्ष्मदर्शी	సూక్ష్మదర్శినులు	ಸೂಕ್ಷ್ಮದರ್ಶಕಗಳು	mikroskoplar	mikroskoopid	mikroskopi	현미경들	mikroskoopit	mikroszkópok	микроскопи	நுண்ணோக்கிகள்	mikroskop	مجاهر	میکروسکوپ‌ها	مائیکروسکوپس	מיקרוסקופים	microscopi	microscópios	микроскопы	мікроскопи	mikroskopy	mikroskopy	microscopen	mikroskop	microscopios	μικροσκόπια	microscopis	microscoape	kính hiển vi	mikroskopi	mikroskopai	മൈക്രോസ്കോപ്പുകൾ	অণুবীক্ষণ যন্ত্রসমূহ	กล้องจุลทรรศน์	mikroskop	mikroskoper	mikroskoper	smásjónir	mikroskopi	mikroskopy	mikroskopi
Abbe limit	limite d'Abbe	límite de Abbe	Abbe-Limit	アベ限界	阿贝极限	limo de Abbe	एबे सीमा	అబ్బె పరిమితి	ಅಬೆ ಮಿತಿ	Abbe limiti	Abbe piir	Abov limit	아베 한계	Abben raja	Abbe-határ	граница на Абе	அபி எல்லை	batas Abbe	حد آبي	حد آبه	ایبی لمیٹ	גבול אבה	limite di Abbe	limite de Abbe	предел Аббе	ліміт Аббе	limit Abbego	Abbeův limit	Abbe-limiet	Abbe-gränsen	limite de Abbe	όριο Abbe	límit d'Abbe	limita lui Abbe	giới hạn Abbe	Abes robeža	Abbe riba	അബെ ലിമിറ്റ്	অ্যাবে সীমা	ขีดจำกัดของแอบเบ้	had Abbe	Abbe-grænsen	Abbe-grensen	Abbe-mörk	Abbeova granica	Abbeov limit	Abbejeva meja
wavelength	longueur d'onde	longitud de onda	Wellenlänge	波長	波长	ondlongo	तरंग दैर्ध्य	తరంగ దైర్ఘ్యం	ತರಂಗಾಂತರ	dalga boyu	lainepikkus	talasna dužina	파장	aallonpituus	hullámhossz	дължина на вълната	அலைநீளம்	panjang gelombang	طول موجي	طول موج	طولِ موج	אורך גל	lunghezza d'onda	comprimento de onda	длина волны	довжина хвилі	długość fali	vlnová délka	golflengte	våglängd	longitate de unda	μήκος κύματος	longitud d'ona	lungime de undă	bước sóng	viļņa garums	bangos ilgis	തരംഗദൈർഘ്യം	তরঙ্গদৈর্ঘ্য	ความยาวคลื่น	panjang gelombang	bølgelængde	bølgelengde	bylgjulengd	valna duljina	vlnová dĺžka	valovna dolžina
lambda	lambda	lambda	Lambda	ラムダ (λ)	lambda (λ)	lambda	लैम्ब्डा	లాంబ్డా	ಲ್ಯಾಂಬ್ಡಾ	lambda	lambda	lambda	람다	lambda	lambda	ламбда	lambda	lambda	lambda	لامبدا	لیمبڈا	למדא	lambda	lambda	лямбда	лямбда	lambda	lambda	lambda	lambda	lambda	λ	lambda	lambda	lambda	lambda	lambda	lambda	ল্যাম্বডা (lambda)	lambda	lambda	lambda	lambda	lambda	lambda	lambda	lambda
evanescent waves	ondes évanescentes	ondas evanescentes	evaneszente Wellen	エバネッセント波	消逝波	evanescentaj ondoj	इवनेसेंट तरंगें	ఎవనసెంట్ తరంగాలు	ಎವನೆಸೆಂಟ್ ತರಂಗಗಳು	sönümlenen dalgalar	evanesentsed lained	evanescentni talasi	소멸파	evanesenssiaallot	evanescens hullámok	еванесцентни вълни	மறைந்துபோகும் அலைகள்	gelombang evanescent	موجات متلاشية	موج‌های میرا	ایوانیسینٹ لہریں	גלים דועכים	onde evanescenti	ondas evanescentes	эванесцентные волны	затухаючі хвилі	fale zanikające	evanescentní vlny	evanescente golven	evanescenta vågor	undas evanescentes	εξατμιζόμενα κύματα	ones evanescents	unde evanescente	sóng tắt dần	evanescentie viļņi	evanescentinės bangos	ഇവനെസെന്റ് തരംഗങ്ങൾ	ইভানেসেন্ট তরঙ্গ	คลื่นอีวานิเซนต์	gelombang evanescent	evanescente bølger	evanescente bølger	hverfandi bylgjur	evanescentni valovi	evanescentné vlny	evanescentni valovi
microscope lens	objectif de microscope	lente de microscopio	Mikroskopobjektiv	顕微鏡レンズ	显微镜镜头	mikroskopa lenso	सूक्ष्मदर्शी लेंस	సూక్ష్మదర్శిని లెన్స్	ಸೂಕ್ಷ್ಮದರ್ಶಕದ ದಿಕ್ಪಟ	mikroskop lensi	mikroskoobi lääts	mikroskopska sočiva	현미경 렌즈	mikroskooppilinssi	mikroszkóplencse	микроскопна леща	நுண்ணோக்கி லென்ஸ்	lensa mikroskop	عدسة المجهر	لنز میکروسکوپ	مائیکروسکوپ کا لینز	עדשת מיקרוסקופ	lente del microscopio	lente do microscópio	объектив микроскопа	об'єктив мікроскопа	soczewka mikroskopu	objektiv mikroskopu	microscooplens	mikroskopobjektiv	lente de microscopio	φακός μικροσκοπίου	lent de microscopi	lentilă de microscop	vật kính kính hiển vi	mikroskopa lēce	mikroskopo lęšis	മൈക്രോസ്കോപ്പ് ലെൻസ്	অণুবীক্ষণ যন্ত্রের লেন্স	เลนส์กล้องจุลทรรศน์	kanta mikroskop	mikroskoplinse	mikroskoplinse	smásjónarlinsa	leća mikroskopa	objektív mikroskópu	mikroskopska leča
physicists	physiciens	físicos	Physiker	物理学者	物理学家	fizikistoj	भौतिक विज्ञानी	భౌతిక శాస్త్రవేత్తలు	ಭೌತವಿಜ್ಞಾನಿಗಳು	fizikçiler	füüsikud	fizičari	물리학자들	fyysikot	fizikusok	физици	இயற்பியலாளர்கள்	fisikawan	فيزيائيون	فیزیکدانان	طبیعیات دان	פיזיקאים	fisici	físicos	физики	фізики	fizycy	fyzici	natuurkundigen	fysiker	physicistes	φυσικοί	físics	fizicieni	các nhà vật lý	fiziķi	fizikai	ഭൗതികശാസ്ത്രജ്ഞർ	পদার্থবিদগণ	นักฟิสิกส์	ahli fizik	fysikere	fysikere	eðlisfræðingar	fizičari	fyzici	fiziki
near-field microscope	microscope en champ proche	microscopio de campo cercano	Nahfeldmikroskop	近接場顕微鏡	近场显微镜	proksima-kampa mikroskopo	निकट-क्षेत्र सूक्ष्मदर्शी	నియర్-ఫీల్డ్ మైక్రోస్కోప్	ನಿಯರ್-ಫೀಲ್ಡ್ ಸೂಕ್ಷ್ಮದರ್ಶಕ	yakın alan mikroskobu	lähivälja mikroskoop	mikroskop bliskog polja	근접장 현미경	lähikenttämikroskooppi	közeltéri mikroszkóp	близкополен микроскоп	அண்மை-புல நுண்ணோக்கி	mikroskop medan dekat	مجهر المجال القريب	میکروسکوپ میدان نزدیک	نیئر فیلڈ مائیکروسکوپ	מיקרוסקופ שדה קרוב	microscopio a campo vicino	microscópio de campo próximo	ближнепольный микроскоп	ближньопольний мікроскоп	mikroskop bliskiego pola	blízko-polní mikroskop	nabijveldmicroscoop	närfältsmikroskop	microscopio de campo proxim	μικροσκόπιο κοντινού πεδίου	microscopi de camp proper	microscop de câmp apropiat	kính hiển vi trường gần	tuvlauka mikroskops	artimojo lauko mikroskopas	നിയർ-ഫീൽഡ് മൈക്രോസ്കോപ്പ്	নিয়ার-ফিল্ড মাইক্রোস্কোপ	กล้องจุลทรรศน์สนามใกล้	mikroskop medan dekat	nærfeltsmikroskop	nærfeltmikroskop	nærsviðssmásjón	mikroskop bliskog polja	blízko-polný mikroskop	mikroskop bližnjega polja
NSOM	NSOM	NSOM	NSOM	NSOM	NSOM	NSOM	NSOM	NSOM	NSOM	NSOM	NSOM	NSOM	NSOM	NSOM	NSOM	NSOM	NSOM	NSOM	NSOM	NSOM	NSOM	NSOM	NSOM	NSOM	NSOM	NSOM	NSOM	NSOM	NSOM	NSOM	NSOM	NSOM	NSOM	NSOM	NSOM	NSOM	NSOM	NSOM	NSOM	NSOM	NSOM	NSOM	NSOM	NSOM	NSOM	NSOM	NSOM
ultra-fine tip	pointe ultra-fine	punta ultrafina	ultrafeine Spitze	超微細チップ	超细探针	ultrafina pinto	अति-सूक्ष्म टिप	అల్ట్రా-ఫైన్ టిప్	ಅತಿಸೂಕ್ಷ್ಮ ತುದಿ	ultra ince uç	ultraväike otsik	ultrafini vrh	초미세 팁	erittäin hieno kärki	ultravékony hegy	ултрафина върхова част	மிக நுண்ணிய முனை	ujung ultra-halus	طرف فائق الدقة	نوک فوق‌ظریف	انتہائی باریک ٹپ	חוד דקיק	punta ultra-fine	ponta ultrafina	ультратонкий зонд	надтонкий зонд	ultracienka sonda	ultrajemný hrot	ultrafijne tip	ultrafin spets	punta ultra-fine	υπερλεπτή αιχμή	punta ultra-fina	vârf ultra-fin	đầu dò siêu mịn	īpaši smails uzgalis	itin smailus galiukas	അൾട്രാ-ഫൈൻ ടിപ്പ്	অতি সূক্ষ্ম টিপ	ปลายเข็มละเอียดพิเศษ	hujung ultra-halus	ultra-fin spids	ultra-fin spiss	ofurfínn oddur	ultrafini vrh	ultrafínna špička	ultra-fina končnica
super-resolution	super-résolution	superresolución	Superauflösung	超解像	超分辨率	super-rezolucio	सुपर-रिज़ॉल्यूशन	సూపర్-రెజల్యూషన్	ಸೂಪರ್-ರೆಸಲ್ಯೂಶನ್	süper çözünürlük	supererilahuvõime	super-rezolucija	초해상도	superresoluutio	szuperfelbontás	супер-разделителна способност	மீத்தெளிவுத்திறன்	super-resolusi	دقة فائقة	ابر-تفکیک‌پذیری	سپر ریزولیوشن	סופר-רזולוציה	super-risoluzione	super-resolução	суперразрешение	суперроздільна здатність	super-rozdzielczość	superrozlišení	superresolutie	superupplösning	super-resolution	υπερ-ανάλυση	super-resolució	super-rezoluție	siêu phân giải	superrezolūcija	superraiška	സൂപ്പർ-റെസല്യൂഷൻ	সুপার-রেজোলিউশন	ความละเอียดสูงพิเศษ	super-resolusi	superopløsning	superoppløsning	ofurupplausn	super-razlučivost	super-rozlíšenie	super-ločljivost
quantum wave function	fonction d'onde quantique	función de onda cuántica	Quantenwellenfunktion	量子波動関数	量子波函数	kvantuma onda funkcio	क्वांटम तरंग फलन	క్వాంటం తరంగ ప్రమేయం	ಕ್ವಾಂಟಮ್ ತರಂಗ ಉತ್ಪನ್ನ	kuantum dalga fonksiyonu	kvantlainefunktsioon	kvantna talasna funkcija	양자 파동 함수	kvanttiaaltofunktio	kvantum hullámfüggvény	квантова вълнова функция	குவாண்டம் அலை சார்பு	fungsi gelombang kuantum	الدالة الموجية الكمية	تابع موج کوانتومی	کوانٹم ویو فنکشن	פונקציית גל קוונטית	funzione d'onda quantistica	função de onda quântica	квантовая волновая функция	квантова хвильова функція	kwantowa funkcja falowa	kvantová vlnová funkce	quantumgolffunctie	kvantvågfunktion	function de unda quantic	κβαντική συνάρτηση κύματος	funció d'ona quàntica	funcția de undă cuantică	hàm sóng lượng tử	kvantu viļņa funkcija	kvantinė bangos funkcija	ക്വാണ്ടം തരംഗ ഫംഗ്ഷൻ	কোয়ান্টাম তরঙ্গ ফাংশন	ฟังก์ชันคลื่นควอนตัม	fungsi gelombang kuantum	kvantebølgefunktion	kvantebølgefunksjon	skammtabylgjufall	kvantna valna funkcija	kvantová vlnová funkcia	kvantna valovna funkcija
probability wave	onde de probabilité	onda de probabilidad	Wahrscheinlichkeitswelle	確率波	概率波	probabla ondo	प्रायिकता तरंग	సంభావ్యత తరంగం	ಸಂಭವನೀಯತೆ ತರಂಗ	olasılık dalgası	tõenäosuslaine	talas verovatnoće	확률 파동	todennäköisyysaalto	valószínűséghullám	вълна на вероятността	நிகழ்தகவு அலை	gelombang probabilitas	موجة احتمالية	موج احتمال	امکانی لہر	גל הסתברות	onda di probabilità	onda de probabilidade	волна вероятности	хвиля ймовірності	fala prawdopodobieństwa	pravděpodobnostní vlna	waarschijnlijkheidsgolf	sannolikhetsvåg	unda de probabilitate	κύμα πιθανότητας	ona de probabilitat	undă de probabilitate	sóng xác suất	varbūtības viļnis	tikimybės banga	സാധ്യത തരംഗം	সম্ভাবনা তরঙ্গ	คลื่นความน่าจะเป็น	gelombang kebarangkalian	sandsynlighedsbølge	sannsynlighetsbølge	líkubylgja	val vjerojatnosti	pravdepodobnostná vlna	verjetnostni val
square amplitude	amplitude au carré	amplitud al cuadrado	Quadrat der Amplitude	振幅の二乗	振幅平方	kvadrata amplitudo	वर्ग आयाम	వర్గ విస్తృతి	ವರ್ಗ ವ್ಯಾಪ್ತಿ	genlik karesi	amplituudi ruut	kvadrat amplitude	진폭의 제곱	amplitudin neliö	amplitūdónégyzet	квадрат на амплитудата	வர்க்க வீச்சு	amplitudo kuadrat	مربع السعة	مربع دامنه	اسکوائر ایمپلی ٹیوڈ	אמפליטודה בריבוע	ampiezza al quadrato	amplitude ao quadrado	квадрат амплитуды	квадрат амплітуди	kwadrat amplitudy	druhá mocnina amplitudy	amplitude in het kwadraat	amplitudens kvadrat	amplitude quadrato	τετραγωνικό πλάτος	amplitud al quadrat	amplitudine la pătrat	bình phương biên độ	amplitūdas kvadrāts	amplitudės kvadratas	ആംപ്ലിറ്റ്യൂഡിന്റെ വർഗ്ഗം	বর্গ বিস্তার	แอมพลิจูดกำลังสอง	amplitud kuasa dua	kvadratisk amplitude	kvadratamplitude	ferningur stærðar	kvadrat amplitude	druhá mocnina amplitudy	kvadrat amplitude
classical waves	ondes classiques	ondas clásicas	klassische Wellen	古典的な波	经典波	klasikaj ondoj	शास्त्रीय तरंगें	క్లాసికల్ తరంగాలు	ಸಾಂಪ್ರದಾಯಿಕ ತರಂಗಗಳು	klasik dalgalar	klassikalised lained	klasični talasi	고전적 파동	klassiset aallot	klasszikus hullámok	класически вълни	செவ்வியல் அலைகள்	gelombang klasik	موجات كلاسيكية	موج‌های کلاسیک	کلاسک لہریں	גלים קלאסיים	onde classiche	ondas clássicas	классические волны	класичні хвилі	fale klasyczne	klasické vlny	klassieke golven	klassiska vågor	undas classice	κλασικά κύματα	ones clàssiques	unde clasice	sóng cổ điển	klasiskie viļņi	klasikinės bangos	ക്ലാസിക്കൽ തരംഗങ്ങൾ	ধ্রুপদী তরঙ্গ	คลื่นแบบคลาสสิก	gelombang klasik	klassiske bølger	klassiske bølger	hefðbundnar bylgjur	klasični valovi	klasické vlny	klasični valovi
uncertainty principle	principe d'incertitude	principio de incertidumbre	Unschärferelation	不確定性原理	不确定性原理	necertenca principo	अनिश्चितता सिद्धांत	అనిశ్చితి సూత్రం	ಅನಿಶ್ಚಿತತಾ ತತ್ವ	belirsizlik ilkesi	määramatuse printsiip	princip neodređenosti	불확정성 원리	epätarkkuusperiaate	határozatlansági elv	принцип на неопределеността	நிச்சயமற்ற கொள்கை	prinsip ketidakpastian	مبدأ عدم اليقين	اصل عدم قطعیت	عدم تعین کا اصول	עקרון האי-ודאות	principio di indeterminazione	princípio da incerteza	принцип неопределенности	принцип невизначеності	zasada nieoznaczoności	princip neurčitosti	onzekerheidsprincipe	osäkerhetsprincip	principio de incertiditude	αρχή της αβεβαιότητας	principi d'incertesa	principiul incertitudinii	nguyên lý bất định	nenoteiktības princips	neapibrėžtumo principas	അനിശ്ചിതത്വ തത്വം	অনিশ্চয়তা নীতি	หลักความไม่แน่นอน	prinsip ketidakpastian	usikkerhedsprincippet	usikkerhetsprinsipp	óvissuregla	princip neodređenosti	princíp neurčiteľnosti	načelo nedoločenosti
diffraction	diffraction	difracción	Beugung	回折	衍射	difrakcio	विवर्तन	వివర్తనం	ವಿವರ್ತನೆ	kırınım	difraktsioon	difrakcija	회절	diffraktio	diffrakció	дифракция	விளிம்பு விளைவு	difraksi	حيود	پراش	ڈِفریکشن	עקיפה	diffrazione	difração	дифракция	дифракція	dyfrakcja	difrakce	diffractie	diffraktion	diffraction	περίθλαση	difracció	difracție	nhiễu xạ	difrakcija	difrakcija	ഡിഫ്രാക്ഷൻ	অপবর্তন	การเลี้ยวเบน	belauan	diffraktion	diffraksjon	ljósbeyging	difrakcija	difrakcia	difrakcija
resolution limit	limite de résolution	límite de resolución	Auflösungsgrenze	解像度限界	分辨率极限	rezolucia limo	रिज़ॉल्यूशन सीमा	రెజల్యూషన్ పరిమితి	ರೆಸಲ್ಯೂಶನ್ ಮಿತಿ	çözünürlük limiti	erilahuvõime piir	limit rezolucije	해상도 한계	resoluution raja	felbontási határérték	граница на разделителната способност	தெளிவுத்திறன் எல்லை	batas resolusi	حد الدقة	حد تفکیک‌پذیری	ریزولیوشن کی حد	מגבלת רזולוציה	limite di risoluzione	limite de resolução	предел разрешения	межа роздільної здатності	limit rozdzielczości	limit rozlišení	resolutielimiet	upplösningsgräns	limite de resolution	όριο ανάλυσης	límit de resolució	limită de rezoluție	giới hạn phân giải	izšķirtspējas robeža	skiriamosios gebos riba	റെസല്യൂഷൻ പരിധി	রেজোলিউশন সীমা	ขีดจำกัดความละเอียด	had resolusi	opløsningsgrænse	oppløsningsgrense	upplausnsmörk	granica razlučivosti	limit rozlíšenia	meja ločljivosti
quantum reality	réalité quantique	realidad cuántica	Quantenrealität	量子的現実	量子现实	kvantuma realeco	क्वांटम वास्तविकता	క్వాంటం వాస్తవికత	ಕ್ವಾಂಟಮ್ ವಾಸ್ತವ	kuantum gerçekliği	kvantreaalsus	kvantna stvarnost	양자 실재	kvanttitodellisuus	kvantumvalóság	квантова реалност	குவாண்டம் உண்மை	realitas kuantum	الواقع الكمي	واقعیت کوانتومی	کوانٹم حقیقت	מציאות קוונטית	realtà quantistica	realidade quântica	квантовая реальность	квантова реальність	rzeczywistość kwantowa	kvantová realita	quantumrealiteit	kvantrealitet	realitate quantic	κβαντική πραγματικότητα	realitat quàntica	realitate cuantică	thực tại lượng tử	kvantu realitāte	kvantinė realybė	ക്വാണ്ടം യാഥാർത്ഥ്യം	কোয়ান্টাম বাস্তবতা	ความเป็นจริงทางควอนตัม	realiti kuantum	kvantevirkelighed	kvantevirkelighet	skammtaveruleiki	kvantna stvarnost	kvantová realita	kvantna realnost
microscope	microscope	microscopio	Mikroskop	顕微鏡	显微镜	mikroskopo	सूक्ष्मदर्शी	సూక్ష్మదర్శిని	ಸೂಕ್ಷ್ಮದರ್ಶಕ	mikroskop	mikroskoop	mikroskop	현미경	mikroskooppi	mikroszkóp	микроскоп	நுண்ணோக்கி	mikroskop	مجهر	میکروسکوپ	مائیکروسکوپ	מיקרוסקופ	microscopio	microscópio	микроскоп	мікроскоп	mikroskop	mikroskop	microscoop	mikroskop	microscopio	μικροσκόπιο	microscopi	microscop	kính hiển vi	mikroskops	mikroskopas	മൈക്രോസ്കോപ്പ്	অণুবীক্ষণ যন্ত্র	กล้องจุลทรรศน์	mikroskop	mikroskop	mikroskop	smásjón	mikroskop	mikroskop	mikroskop
laws of waves	lois des ondes	leyes de las ondas	Wellengesetze	波の法則	波动定律	leĝoj de ondoj	तरंगों के नियम	తరంగాల నియమాలు	ತರಂಗಗಳ ನಿಯಮಗಳು	dalga yasaları	lainete seadused	zakoni talasa	파동의 법칙	aaltolait	hullámtörvények	закони на вълните	அலைகளின் விதிகள்	hukum gelombang	قوانين الموجات	قوانین موج‌ها	لہروں کے قوانین	חוקי גלים	leggi delle onde	leis das ondas	законы волн	закони хвиль	prawa fal	zákony vln	golfwetten	våglagar	legos de undas	νόμοι των κυμάτων	lleis de les ones	legile undelor	các định luật về sóng	viļņu likumi	bangų dėsniai	തരംഗ നിയമങ്ങൾ	তরঙ্গের সূত্রসমূহ	กฎของคลื่น	hukum-hukum gelombang	bølgelove	bølgelover	bylgjulög	zakoni valova	zákony vĺn	zakoni valov
classical mechanics	mécanique classique	mecánica clásica	klassische Mechanik	古典力学	经典力学	klasika mekaniko	शास्त्रीय यांत्रिकी	క్లాసికల్ మెకానిక్స్	ಸಾಂಪ್ರದಾಯಿಕ ಯಾಂತ್ರಿಕಶಾಸ್ತ್ರ	klasik mekanik	klassikaline mehaanika	klasična mehanika	고전 역학	klassinen mekaniikka	klasszikus mechanika	класическа механика	செவ்வியல் இயக்கவியல்	mekanika klasik	الميكانيكا الكلاسيكية	مکانیک کلاسیک	کلاسک میکانکس	מכניקה קלאסית	meccanica classica	mecânica clássica	классическая механика	класична механіка	mechanika klasyczna	klasická mechanika	klassieke mechanica	klassisk mekanik	mechanica classice	κλασική μηχανική	mecànica clàssica	mecanică clasică	cơ học cổ điển	klasiskā mehānika	klasikinė mechanika	ക്ലാസിക്കൽ മെക്കാനിക്സ്	ধ্রুপদী বলবিদ্যা	กลศาสตร์คลาสสิก	mekanik klasik	klassisk mekanik	klassisk mekanikk	hefðbundin vélfræði	klasična mehanika	klasická mechanika	klasična mehanika
square of the amplitude	carré de l'amplitude	cuadrado de la amplitud	Quadrat der Amplitude	振幅の二乗	振幅的平方	kvadrato de la amplitudo	आयाम का वर्ग	విస్తృతి యొక్క వర్గం	ವ್ಯಾಪ್ತಿಯ ವರ್ಗ	genliğin karesi	amplituudi ruut	kvadrat amplitude	진폭의 제곱	amplitudin neliö	amplitūdó négyzete	квадрат на амплитудата	வீச்சின் வர்க்கம்	kuadrat amplitudo	مربع السعة	مربع دامنه	ایمپلی ٹیوڈ کا مربع	ריבוע האמפליטודה	quadrato dell'ampiezza	quadrado da amplitude	квадрат амплитуды	квадрат амплітуди	kwadrat amplitudy	druhá mocnina amplitudy	kwadraat van de amplitude	amplitudens kvadrat	quadrato del amplitude	τετράγωνο του πλάτους	quadrat de l'amplitud	pătratul amplitudinii	bình phương của biên độ	amplitūdas kvadrāts	amplitudės kvadratas	ആംപ്ലിറ്റ്യൂഡിന്റെ വർഗ്ഗം	বিস্তারের বর্গ	กำลังสองของแอมพลิจูด	kuasa dua amplitud	amplitudens kvadrat	kvadratet av amplituden	ferningur stærðarinnar	kvadrat amplitude	druhá mocnina amplitudy	kvadrat amplitude
physical quantity	grandeur physique	magnitud física	physikalische Größe	物理量	物理量	fizika kvantumo	भौतिक राशि	భౌతిక రాశి	ಭೌತಿಕ ಪ್ರಮಾಣ	fiziksel nicelik	füüsikaline suurus	fizička veličina	물리량	fyysinen suure	fizikai mennyiség	физична величина	இயற்பியல் அளவு	besaran fisik	كمية فيزيائية	کمیت فیزیکی	طبیعی مقدار	גודל פיזיקלי	grandezza fisica	grandeza física	физическая величина	фізична величина	wielkość fizyczna	fyzikální veličina	fysische grootheid	fysikalisk storhet	quantitate physice	φυσικό μέγεθος	magnitud física	mărimă fizică	đại lượng vật lý	fizikālais lielums	fizikinis dydis	ഭൗതിക അളവ്	ভৌত রাশি	ปริมาณทางฟิสิกส์	kuantiti fizik	fysisk størrelse	fysisk størrelse	eðlisfræðileg stærð	fizička veličina	fyzikálna veličina	fizikalna količina
